{
  "results": {
    "residual_aware_lite": {
      "pesq": 1.6963325881958007,
      "estoi": 0.6506948783178391,
      "sdr": 1.9208424426091368,
      "phase_rmse": 1.7827689003944398,
      "eval_examples": 100.0,
      "pesq_examples": 100.0,
      "trainable_params": 43,
      "total_params": 5774891,
      "phase_model_total_params": 115735,
      "phase_model_trainable_params": 0,
      "fusion_plus_phase_total_params": 5890626,
      "fusion_plus_phase_trainable_params": 43,
      "trainable_ratio": 7.446027985636439e-06,
      "total_params_vs_baseline_ratio": 1.0000074460834294,
      "trainable_params_vs_baseline_ratio": 7.446083429382038e-06
    }
  },
  "train_diagnostics": {
    "residual_aware_lite": {
      "trainable_params": 43,
      "total_params": 5774891,
      "trainable_ratio": 7.446027985636439e-06,
      "fusion_train_base_adapter": false,
      "fusion_base_lr_scale": 0.2,
      "diagnostic_snapshots": [
        {
          "phase_feat": {
            "mean": 0.00020366971148177981,
            "std": 0.7071095108985901,
            "abs_mean": 0.6354632377624512,
            "abs_max": 1.0,
            "nan_ratio": 0.0,
            "inf_ratio": 0.0
          },
          "delta": {
            "mean": 0.0033803859259933233,
            "std": 0.01590825244784355,
            "abs_mean": 0.01285695843398571,
            "abs_max": 0.09242607653141022,
            "nan_ratio": 0.0,
            "inf_ratio": 0.0
          },
          "y_q_sum": {
            "mean": 0.004619598388671875,
            "std": 1.6079407930374146,
            "abs_mean": 1.2548848390579224,
            "abs_max": 10.720075607299805,
            "nan_ratio": 0.0,
            "inf_ratio": 0.0
          },
          "latent_corr": {
            "mean": 0.04166140407323837,
            "std": 3.485163927078247,
            "abs_mean": 2.7892425060272217,
            "abs_max": 13.911238670349121,
            "nan_ratio": 0.0,
            "inf_ratio": 0.0
          },
          "y_q_fused": {
            "mean": 0.011245056986808777,
            "std": 1.758425235748291,
            "abs_mean": 1.3796792030334473,
            "abs_max": 11.083250045776367,
            "nan_ratio": 0.0,
            "inf_ratio": 0.0
          },
          "fusion_ratio_l2": 0.3468186187425454,
          "corr_vs_base_cos": 0.11185266822576523,
          "y_fused": {
            "mean": 0.0002971596841234714,
            "std": 0.6654492616653442,
            "abs_mean": 0.3173059821128845,
            "abs_max": 7.058936595916748,
            "nan_ratio": 0.0,
            "inf_ratio": 0.0
          },
          "y_base": {
            "mean": 0.00045213152770884335,
            "std": 1.0305155515670776,
            "abs_mean": 0.5173846483230591,
            "abs_max": 12.33992862701416,
            "nan_ratio": 0.0,
            "inf_ratio": 0.0
          },
          "y_delta_abs_mean": 0.24898870289325714,
          "y_delta_abs_max": 5.595131874084473,
          "fusion_postprocess_mode": "residual_weight_direct",
          "post_mag_scale_mean": 1.0,
          "post_soft_limit_mean": 1.0,
          "post_ortho_mix": 0.0,
          "post_corr_over_base_rms": 0.0,
          "post_mag_gate_mean": 1.0,
          "post_perturb_factor_mean": 1.0,
          "post_step_proxy_mean": 1.0,
          "post_proxy_conf_mean": 1.0,
          "post_direct_weight_mean": 0.15903200209140778,
          "ra_low_gate_mean": 0.9999938607215881,
          "ra_high_gate_mean": 0.9999938607215881,
          "ra_routing_mean": 0.494531512260437,
          "ra_uncertainty_mean": 0.4998714327812195,
          "ra_uncertainty_mask_mean": 1.0,
          "ra_gate_min": 0.98,
          "ra_gate_max": 1.02,
          "ra_uncertainty_threshold": 0.45,
          "ra_residual_scale": 0.08027446269989014,
          "phase_model": "phase_residual_v2",
          "uncertainty": {
            "mean": 0.4997768700122833,
            "std": 0.49556368589401245,
            "abs_mean": 0.4997768700122833,
            "abs_max": 1.0,
            "nan_ratio": 0.0,
            "inf_ratio": 0.0
          },
          "step": 10,
          "loss": 1.1599843502044678,
          "wave_l1": 0.40024301409721375,
          "phase_loss": 0.9444248676300049,
          "band_loss": 0.9537615776062012,
          "grad_l2": 9.596504598801295e-06,
          "grad_has_nan_or_inf": false
        },
        {
          "phase_feat": {
            "mean": 0.00018380740948487073,
            "std": 0.7071095108985901,
            "abs_mean": 0.6357346177101135,
            "abs_max": 1.0,
            "nan_ratio": 0.0,
            "inf_ratio": 0.0
          },
          "delta": {
            "mean": 0.003147657262161374,
            "std": 0.01581253856420517,
            "abs_mean": 0.012738228775560856,
            "abs_max": 0.1008695587515831,
            "nan_ratio": 0.0,
            "inf_ratio": 0.0
          },
          "y_q_sum": {
            "mean": 0.003103880910202861,
            "std": 1.593371868133545,
            "abs_mean": 1.246532917022705,
            "abs_max": 10.335906028747559,
            "nan_ratio": 0.0,
            "inf_ratio": 0.0
          },
          "latent_corr": {
            "mean": 0.04219266027212143,
            "std": 3.533611536026001,
            "abs_mean": 2.8227782249450684,
            "abs_max": 13.931177139282227,
            "nan_ratio": 0.0,
            "inf_ratio": 0.0
          },
          "y_q_fused": {
            "mean": 0.009781746193766594,
            "std": 1.7674388885498047,
            "abs_mean": 1.3897465467453003,
            "abs_max": 10.641307830810547,
            "nan_ratio": 0.0,
            "inf_ratio": 0.0
          },
          "fusion_ratio_l2": 0.35485569316476234,
          "corr_vs_base_cos": 0.15268629789352417,
          "y_fused": {
            "mean": -0.00013404131459537894,
            "std": 0.6341648697853088,
            "abs_mean": 0.2749897539615631,
            "abs_max": 6.604761123657227,
            "nan_ratio": 0.0,
            "inf_ratio": 0.0
          },
          "y_base": {
            "mean": -0.0004387014196254313,
            "std": 0.9996025562286377,
            "abs_mean": 0.4827842116355896,
            "abs_max": 9.362781524658203,
            "nan_ratio": 0.0,
            "inf_ratio": 0.0
          },
          "y_delta_abs_mean": 0.25680774450302124,
          "y_delta_abs_max": 6.601328372955322,
          "fusion_postprocess_mode": "residual_weight_direct",
          "post_mag_scale_mean": 1.0,
          "post_soft_limit_mean": 1.0,
          "post_ortho_mix": 0.0,
          "post_corr_over_base_rms": 0.0,
          "post_mag_gate_mean": 1.0,
          "post_perturb_factor_mean": 1.0,
          "post_step_proxy_mean": 1.0,
          "post_proxy_conf_mean": 1.0,
          "post_direct_weight_mean": 0.158273383975029,
          "ra_low_gate_mean": 0.9999883770942688,
          "ra_high_gate_mean": 0.9999886155128479,
          "ra_routing_mean": 0.49468639492988586,
          "ra_uncertainty_mean": 0.5000578761100769,
          "ra_uncertainty_mask_mean": 1.0,
          "ra_gate_min": 0.98,
          "ra_gate_max": 1.02,
          "ra_uncertainty_threshold": 0.45,
          "ra_residual_scale": 0.08001375943422318,
          "phase_model": "phase_residual_v2",
          "uncertainty": {
            "mean": 0.5000370740890503,
            "std": 0.4953308403491974,
            "abs_mean": 0.5000370740890503,
            "abs_max": 1.0,
            "nan_ratio": 0.0,
            "inf_ratio": 0.0
          },
          "step": 20,
          "loss": 1.1897566318511963,
          "wave_l1": 0.4028225839138031,
          "phase_loss": 0.9806419014930725,
          "band_loss": 0.9860207438468933,
          "grad_l2": 3.8803624766659225e-05,
          "grad_has_nan_or_inf": false
        }
      ],
      "diagnostic_every_steps": 10
    }
  },