{
  "results": {
    "residual_aware_lite": {
      "pesq": 1.5159280180931092,
      "estoi": 0.6058927921862592,
      "sdr": 1.3604345805943012,
      "phase_rmse": 1.7821309745311738,
      "eval_examples": 20.0,
      "pesq_examples": 20.0,
      "trainable_params": 43,
      "total_params": 5774891,
      "phase_model_total_params": 115638,
      "phase_model_trainable_params": 0,
      "fusion_plus_phase_total_params": 5890529,
      "fusion_plus_phase_trainable_params": 43,
      "trainable_ratio": 7.446027985636439e-06,
      "total_params_vs_baseline_ratio": 1.0000074460834294,
      "trainable_params_vs_baseline_ratio": 7.446083429382038e-06
    }
  },
  "train_diagnostics": {
    "residual_aware_lite": {
      "trainable_params": 43,
      "total_params": 5774891,
      "trainable_ratio": 7.446027985636439e-06,
      "fusion_train_base_adapter": false,
      "fusion_base_lr_scale": 0.2,
      "diagnostic_snapshots": [
        {
          "phase_feat": {
            "mean": -0.0009655598551034927,
            "std": 0.7071089148521423,
            "abs_mean": 0.6360234022140503,
            "abs_max": 1.0,
            "nan_ratio": 0.0,
            "inf_ratio": 0.0
          },
          "delta": {
            "mean": 0.0031755873933434486,
            "std": 0.01576164923608303,
            "abs_mean": 0.012727122753858566,
            "abs_max": 0.08467942476272583,
            "nan_ratio": 0.0,
            "inf_ratio": 0.0
          },
          "y_q_sum": {
            "mean": 0.01025370229035616,
            "std": 1.675284743309021,
            "abs_mean": 1.2923901081085205,
            "abs_max": 11.807331085205078,
            "nan_ratio": 0.0,
            "inf_ratio": 0.0
          },
          "latent_corr": {
            "mean": 0.040475163608789444,
            "std": 3.3835158348083496,
            "abs_mean": 2.7016496658325195,
            "abs_max": 13.945016860961914,
            "nan_ratio": 0.0,
            "inf_ratio": 0.0
          },
          "y_q_fused": {
            "mean": 0.01349171344190836,
            "std": 1.7362592220306396,
            "abs_mean": 1.3419567346572876,
            "abs_max": 11.743535041809082,
            "nan_ratio": 0.0,
            "inf_ratio": 0.0
          },
          "fusion_ratio_l2": 0.16158183372501386,
          "corr_vs_base_cos": 0.1486358642578125,
          "y_fused": {
            "mean": -0.0002206471108365804,
            "std": 0.8168348073959351,
            "abs_mean": 0.35994452238082886,
            "abs_max": 9.773375511169434,
            "nan_ratio": 0.0,
            "inf_ratio": 0.0
          },
          "y_base": {
            "mean": -0.00040750231710262597,
            "std": 1.0126397609710693,
            "abs_mean": 0.4658272862434387,
            "abs_max": 12.737808227539062,
            "nan_ratio": 0.0,
            "inf_ratio": 0.0
          },
          "y_delta_abs_mean": 0.13308124244213104,
          "y_delta_abs_max": 4.906520843505859,
          "fusion_postprocess_mode": "fixed_add",
          "post_mag_scale_mean": 1.0,
          "post_soft_limit_mean": 1.0,
          "post_ortho_mix": 0.0,
          "post_corr_over_base_rms": 0.0,
          "post_mag_gate_mean": 1.0,
          "post_perturb_factor_mean": 1.0,
          "post_step_proxy_mean": 1.0,
          "post_proxy_conf_mean": 1.0,
          "ra_low_gate_mean": 1.0000410079956055,
          "ra_high_gate_mean": 1.000040888786316,
          "ra_routing_mean": 0.4933563768863678,
          "ra_uncertainty_mean": 0.49864667654037476,
          "ra_uncertainty_mask_mean": 1.0,
          "ra_gate_min": 0.95,
          "ra_gate_max": 1.05,
          "ra_uncertainty_threshold": 0.3,
          "ra_residual_scale": 0.08044900000095367,
          "phase_model": "phase_residual_v2",
          "uncertainty": {
            "mean": 0.49871090054512024,
            "std": 0.49534228444099426,
            "abs_mean": 0.49871090054512024,
            "abs_max": 1.0,
            "nan_ratio": 0.0,
            "inf_ratio": 0.0
          },
          "step": 5,
          "loss": 1.1261982917785645,
          "wave_l1": 0.3463546633720398,
          "phase_loss": 0.9710192680358887,
          "band_loss": 0.9777485728263855,
          "grad_l2": 5.3100957860196985e-05,
          "grad_has_nan_or_inf": false
        },
        {
          "phase_feat": {
            "mean": 0.00020366971148177981,
            "std": 0.7071095108985901,
            "abs_mean": 0.6354632377624512,
            "abs_max": 1.0,
            "nan_ratio": 0.0,
            "inf_ratio": 0.0
          },
          "delta": {
            "mean": 0.0033803859259933233,
            "std": 0.01590825244784355,
            "abs_mean": 0.01285695843398571,
            "abs_max": 0.09242607653141022,
            "nan_ratio": 0.0,
            "inf_ratio": 0.0
          },
          "y_q_sum": {
            "mean": 0.004619598388671875,
            "std": 1.6079407930374146,
            "abs_mean": 1.2548848390579224,
            "abs_max": 10.720075607299805,
            "nan_ratio": 0.0,
            "inf_ratio": 0.0
          },
          "latent_corr": {
            "mean": 0.04166172072291374,
            "std": 3.4851906299591064,
            "abs_mean": 2.789263963699341,
            "abs_max": 13.911325454711914,
            "nan_ratio": 0.0,
            "inf_ratio": 0.0
          },
          "y_q_fused": {
            "mean": 0.007952534593641758,
            "std": 1.6623716354370117,
            "abs_mean": 1.2995885610580444,
            "abs_max": 10.902743339538574,
            "nan_ratio": 0.0,
            "inf_ratio": 0.0
          },
          "fusion_ratio_l2": 0.17341063043839297,
          "corr_vs_base_cos": 0.11185264587402344,
          "y_fused": {
            "mean": 0.00035989430034533143,
            "std": 0.8257859945297241,
            "abs_mean": 0.4049306809902191,
            "abs_max": 9.296540260314941,
            "nan_ratio": 0.0,
            "inf_ratio": 0.0
          },
          "y_base": {
            "mean": 0.00045213152770884335,
            "std": 1.0305155515670776,
            "abs_mean": 0.5173846483230591,
            "abs_max": 12.33992862701416,
            "nan_ratio": 0.0,
            "inf_ratio": 0.0
          },
          "y_delta_abs_mean": 0.14705266058444977,
          "y_delta_abs_max": 3.9089858531951904,
          "fusion_postprocess_mode": "fixed_add",
          "post_mag_scale_mean": 1.0,
          "post_soft_limit_mean": 1.0,
          "post_ortho_mix": 0.0,
          "post_corr_over_base_rms": 0.0,
          "post_mag_gate_mean": 1.0,
          "post_perturb_factor_mean": 1.0,
          "post_step_proxy_mean": 1.0,
          "post_proxy_conf_mean": 1.0,
          "ra_low_gate_mean": 1.000080943107605,
          "ra_high_gate_mean": 1.000080943107605,
          "ra_routing_mean": 0.494531512260437,
          "ra_uncertainty_mean": 0.4998714327812195,
          "ra_uncertainty_mask_mean": 1.0,
          "ra_gate_min": 0.95,
          "ra_gate_max": 1.05,
          "ra_uncertainty_threshold": 0.3,
          "ra_residual_scale": 0.08085797727108002,
          "phase_model": "phase_residual_v2",
          "uncertainty": {
            "mean": 0.4997768700122833,
            "std": 0.49556368589401245,
            "abs_mean": 0.4997768700122833,
            "abs_max": 1.0,
            "nan_ratio": 0.0,
            "inf_ratio": 0.0
          },
          "step": 10,
          "loss": 1.176332712173462,
          "wave_l1": 0.41875550150871277,
          "phase_loss": 0.9416044354438782,
          "band_loss": 0.9511460065841675,
          "grad_l2": 7.110772412623446e-05,
          "grad_has_nan_or_inf": false
        },
        {
          "phase_feat": {
            "mean": -0.00035360941546969116,
            "std": 0.7071094512939453,
            "abs_mean": 0.6357036828994751,
            "abs_max": 1.0,
            "nan_ratio": 0.0,
            "inf_ratio": 0.0
          },