{
  "results": {
    "residual_aware_lite": {
      "pesq": 1.5374016225337983,
      "estoi": 0.6025551656675034,
      "sdr": 1.5899074423214188,
      "phase_rmse": 1.7820695698261262,
      "eval_examples": 20.0,
      "pesq_examples": 20.0,
      "trainable_params": 43,
      "total_params": 5774891,
      "phase_model_total_params": 115638,
      "phase_model_trainable_params": 0,
      "fusion_plus_phase_total_params": 5890529,
      "fusion_plus_phase_trainable_params": 43,
      "trainable_ratio": 7.446027985636439e-06,
      "total_params_vs_baseline_ratio": 1.0000074460834294,
      "trainable_params_vs_baseline_ratio": 7.446083429382038e-06
    }
  },
  "train_diagnostics": {
    "residual_aware_lite": {
      "trainable_params": 43,
      "total_params": 5774891,
      "trainable_ratio": 7.446027985636439e-06,
      "fusion_train_base_adapter": false,
      "fusion_base_lr_scale": 0.2,
      "diagnostic_snapshots": [
        {
          "phase_feat": {
            "mean": -0.0009655598551034927,
            "std": 0.7071089148521423,
            "abs_mean": 0.6360234022140503,
            "abs_max": 1.0,
            "nan_ratio": 0.0,
            "inf_ratio": 0.0
          },
          "delta": {
            "mean": 0.0031755873933434486,
            "std": 0.01576164923608303,
            "abs_mean": 0.012727122753858566,
            "abs_max": 0.08467942476272583,
            "nan_ratio": 0.0,
            "inf_ratio": 0.0
          },
          "y_q_sum": {
            "mean": 0.01025370229035616,
            "std": 1.675284743309021,
            "abs_mean": 1.2923901081085205,
            "abs_max": 11.807331085205078,
            "nan_ratio": 0.0,
            "inf_ratio": 0.0
          },
          "latent_corr": {
            "mean": 0.040473662316799164,
            "std": 3.383371353149414,
            "abs_mean": 2.7015380859375,
            "abs_max": 13.943876266479492,
            "nan_ratio": 0.0,
            "inf_ratio": 0.0
          },
          "y_q_fused": {
            "mean": 0.015110544860363007,
            "std": 1.7814412117004395,
            "abs_mean": 1.3793151378631592,
            "abs_max": 11.71164608001709,
            "nan_ratio": 0.0,
            "inf_ratio": 0.0
          },
          "fusion_ratio_l2": 0.2423623906831342,
          "corr_vs_base_cos": 0.14863528311252594,
          "y_fused": {
            "mean": -0.0001640117261558771,
            "std": 0.734906017780304,
            "abs_mean": 0.316921591758728,
            "abs_max": 8.594623565673828,
            "nan_ratio": 0.0,
            "inf_ratio": 0.0
          },
          "y_base": {
            "mean": -0.00040750231710262597,
            "std": 1.0126397609710693,
            "abs_mean": 0.4658272862434387,
            "abs_max": 12.737808227539062,
            "nan_ratio": 0.0,
            "inf_ratio": 0.0
          },
          "y_delta_abs_mean": 0.18300049006938934,
          "y_delta_abs_max": 5.831907749176025,
          "fusion_postprocess_mode": "fixed_add",
          "post_mag_scale_mean": 1.0,
          "post_soft_limit_mean": 1.0,
          "post_ortho_mix": 0.0,
          "post_corr_over_base_rms": 0.0,
          "post_mag_gate_mean": 1.0,
          "post_perturb_factor_mean": 1.0,
          "post_step_proxy_mean": 1.0,
          "post_proxy_conf_mean": 1.0,
          "ra_low_gate_mean": 1.0,
          "ra_high_gate_mean": 1.0,
          "ra_routing_mean": 0.4933563768863678,
          "ra_uncertainty_mean": 0.49864667654037476,
          "ra_uncertainty_mask_mean": 0.0,
          "ra_gate_min": 0.95,
          "ra_gate_max": 1.05,
          "ra_uncertainty_threshold": 0.55,
          "ra_residual_scale": 0.07999951392412186,
          "phase_model": "phase_residual_v2",
          "uncertainty": {
            "mean": 0.49871090054512024,
            "std": 0.49534228444099426,
            "abs_mean": 0.49871090054512024,
            "abs_max": 1.0,
            "nan_ratio": 0.0,
            "inf_ratio": 0.0
          },
          "step": 5,
          "loss": 1.1183326244354248,
          "wave_l1": 0.33861976861953735,
          "phase_loss": 0.971023440361023,
          "band_loss": 0.9774548411369324,
          "grad_l2": 0.0,
          "grad_has_nan_or_inf": false
        },
        {
          "phase_feat": {
            "mean": 0.00020366971148177981,
            "std": 0.7071095108985901,
            "abs_mean": 0.6354632377624512,
            "abs_max": 1.0,
            "nan_ratio": 0.0,
            "inf_ratio": 0.0
          },
          "delta": {
            "mean": 0.0033803859259933233,
            "std": 0.01590825244784355,
            "abs_mean": 0.01285695843398571,
            "abs_max": 0.09242607653141022,
            "nan_ratio": 0.0,
            "inf_ratio": 0.0
          },
          "y_q_sum": {
            "mean": 0.004619598388671875,
            "std": 1.6079407930374146,
            "abs_mean": 1.2548848390579224,
            "abs_max": 10.720075607299805,
            "nan_ratio": 0.0,
            "inf_ratio": 0.0
          },
          "latent_corr": {
            "mean": 0.04165831580758095,
            "std": 3.4848906993865967,
            "abs_mean": 2.789024591445923,
            "abs_max": 13.91275405883789,
            "nan_ratio": 0.0,
            "inf_ratio": 0.0
          },
          "y_q_fused": {
            "mean": 0.009618597105145454,
            "std": 1.7060909271240234,
            "abs_mean": 1.3359938859939575,
            "abs_max": 10.993973731994629,
            "nan_ratio": 0.0,
            "inf_ratio": 0.0
          },
          "fusion_ratio_l2": 0.2600935609091626,
          "corr_vs_base_cos": 0.11185532063245773,
          "y_fused": {
            "mean": 0.00032361806370317936,
            "std": 0.740576982498169,
            "abs_mean": 0.3582364320755005,
            "abs_max": 8.096518516540527,
            "nan_ratio": 0.0,
            "inf_ratio": 0.0
          },
          "y_base": {
            "mean": 0.00045213152770884335,
            "std": 1.0305155515670776,
            "abs_mean": 0.5173846483230591,
            "abs_max": 12.33992862701416,
            "nan_ratio": 0.0,
            "inf_ratio": 0.0
          },
          "y_delta_abs_mean": 0.20262610912322998,
          "y_delta_abs_max": 5.136631965637207,
          "fusion_postprocess_mode": "fixed_add",
          "post_mag_scale_mean": 1.0,
          "post_soft_limit_mean": 1.0,
          "post_ortho_mix": 0.0,
          "post_corr_over_base_rms": 0.0,
          "post_mag_gate_mean": 1.0,
          "post_perturb_factor_mean": 1.0,
          "post_step_proxy_mean": 1.0,
          "post_proxy_conf_mean": 1.0,
          "ra_low_gate_mean": 1.0,
          "ra_high_gate_mean": 1.0,
          "ra_routing_mean": 0.494531512260437,
          "ra_uncertainty_mean": 0.4998714327812195,
          "ra_uncertainty_mask_mean": 0.0,
          "ra_gate_min": 0.95,
          "ra_gate_max": 1.05,
          "ra_uncertainty_threshold": 0.55,
          "ra_residual_scale": 0.07999902963638306,
          "phase_model": "phase_residual_v2",
          "uncertainty": {
            "mean": 0.4997768700122833,
            "std": 0.49556368589401245,
            "abs_mean": 0.4997768700122833,
            "abs_max": 1.0,
            "nan_ratio": 0.0,
            "inf_ratio": 0.0
          },
          "step": 10,
          "loss": 1.1647855043411255,
          "wave_l1": 0.40611881017684937,
          "phase_loss": 0.9430055618286133,
          "band_loss": 0.952477216720581,
          "grad_l2": 0.0,
          "grad_has_nan_or_inf": false
        },
        {
          "phase_feat": {
            "mean": -0.00035360941546969116,
            "std": 0.7071094512939453,
            "abs_mean": 0.6357036828994751,
            "abs_max": 1.0,
            "nan_ratio": 0.0,
            "inf_ratio": 0.0
          },
          "delta": {
            "mean": 0.003248097375035286,
            "std": 0.015768516808748245,