{
  "baseline": {
    "pesq": 1.5886414182186126,
    "estoi": 0.6366009009878133,
    "sdr": 0.39971236685814804,
    "phase_rmse": 1.781114501953125,
    "eval_examples": 300.0
  },
  "layered_only": {
    "pesq": 1.61657910545667,
    "estoi": 0.6544316695975624,
    "sdr": 0.5215655467831918,
    "phase_rmse": 1.7810452433427175,
    "eval_examples": 300.0
  },
  "layered_fused_v3": {
    "pesq": 1.693584350347519,
    "estoi": 0.6376888744262531,
    "sdr": 1.8663361809429868,
    "phase_rmse": 1.7835310331980387,
    "eval_examples": 300.0
  },
  "delta_layered_only_minus_baseline": {
    "pesq": 0.02793768723805745,
    "estoi": 0.01783076860974908,
    "sdr": 0.12185317992504374,
    "phase_rmse": -6.925861040740777e-05
  },
  "delta_layered_fused_minus_baseline": {
    "pesq": 0.10494293212890637,
    "estoi": 0.0010879734384398043,
    "sdr": 1.4666238140848389,
    "phase_rmse": 0.002416531244913811
  },
  "delta_layered_fused_minus_layered_only": {
    "pesq": 0.07700524489084892,
    "estoi": -0.016742795171309277,
    "sdr": 1.344770634159795,
    "phase_rmse": 0.0024857898553212188
  }
}