{
  "baseline": {
    "pesq": 1.5871566840012867,
    "estoi": 0.6377446672008754,
    "sdr": 0.33107693594623316,
    "phase_rmse": 1.7836499838034312,
    "eval_examples": 300.0
  },
  "layered_only": {
    "pesq": 1.6215902439753214,
    "estoi": 0.6545330216702828,
    "sdr": 0.46257522439409515,
    "phase_rmse": 1.7830429800351462,
    "eval_examples": 300.0
  },
  "layered_fused_v3": {
    "pesq": 1.7169645746548972,
    "estoi": 0.6281611832722448,
    "sdr": 1.7793621648864548,
    "phase_rmse": 1.7837070576349894,
    "eval_examples": 300.0
  },
  "delta_layered_only_minus_baseline": {
    "pesq": 0.03443355997403463,
    "estoi": 0.016788354469407407,
    "sdr": 0.131498288447862,
    "phase_rmse": -0.0006070037682850415
  },
  "delta_layered_fused_minus_baseline": {
    "pesq": 0.12980789065361042,
    "estoi": -0.00958348392863062,
    "sdr": 1.4482852289402217,
    "phase_rmse": 5.707383155817425e-05
  },
  "delta_layered_fused_minus_layered_only": {
    "pesq": 0.09537433067957579,
    "estoi": -0.026371838398038028,
    "sdr": 1.3167869404923596,
    "phase_rmse": 0.0006640775998432158
  }
}