{
  "baseline": {
    "pesq": 1.5882139774163564,
    "estoi": 0.6363645754022871,
    "sdr": 0.3012048567606447,
    "phase_rmse": 1.7825620067119599,
    "eval_examples": 300.0
  },
  "layered_only": {
    "pesq": 1.622615701754888,
    "estoi": 0.6538643323066942,
    "sdr": 0.5294499420827682,
    "phase_rmse": 1.7813449772198995,
    "eval_examples": 300.0
  },
  "layered_fused_v3": {
    "pesq": 1.7486709249019623,
    "estoi": 0.6398994182722055,
    "sdr": 1.7300757208819657,
    "phase_rmse": 1.7830873103936513,
    "eval_examples": 300.0
  },
  "delta_layered_only_minus_baseline": {
    "pesq": 0.0344017243385315,
    "estoi": 0.017499756904407082,
    "sdr": 0.2282450853221235,
    "phase_rmse": -0.001217029492060373
  },
  "delta_layered_fused_minus_baseline": {
    "pesq": 0.1604569474856059,
    "estoi": 0.003534842869918453,
    "sdr": 1.428870864121321,
    "phase_rmse": 0.000525303681691458
  },
  "delta_layered_fused_minus_layered_only": {
    "pesq": 0.1260552231470744,
    "estoi": -0.013964914034488629,
    "sdr": 1.2006257787991976,
    "phase_rmse": 0.001742333173751831
  }
}