{
  "baseline": {
    "pesq": 1.5899259531497956,
    "estoi": 0.6390202026066057,
    "sdr": 0.3230148400606898,
    "phase_rmse": 1.7848320825894675,
    "eval_examples": 300.0
  },
  "layered_only": {
    "pesq": 1.619469705025355,
    "estoi": 0.6484441618887992,
    "sdr": 0.4796675584084975,
    "phase_rmse": 1.7817086247603098,
    "eval_examples": 300.0
  },
  "layered_fused_v3": {
    "pesq": 1.745086470444997,
    "estoi": 0.6346233495928305,
    "sdr": 1.8628703633090482,
    "phase_rmse": 1.782371178070704,
    "eval_examples": 300.0
  },
  "delta_layered_only_minus_baseline": {
    "pesq": 0.029543751875559465,
    "estoi": 0.009423959282193417,
    "sdr": 0.1566527183478077,
    "phase_rmse": -0.003123457829157683
  },
  "delta_layered_fused_minus_baseline": {
    "pesq": 0.15516051729520153,
    "estoi": -0.004396853013775237,
    "sdr": 1.5398555232483584,
    "phase_rmse": -0.0024609045187633516
  },
  "delta_layered_fused_minus_layered_only": {
    "pesq": 0.12561676541964206,
    "estoi": -0.013820812295968654,
    "sdr": 1.3832028049005507,
    "phase_rmse": 0.0006625533103943315
  }
}