{
  "baseline": {
    "pesq": 1.5963543780644736,
    "estoi": 0.6416971729168025,
    "sdr": 0.3154711528836439,
    "phase_rmse": 1.7836794197559356,
    "eval_examples": 300.0
  },
  "layered_only": {
    "pesq": 1.6231508966286976,
    "estoi": 0.6514227450243844,
    "sdr": 0.5968372272676788,
    "phase_rmse": 1.7814428941408793,
    "eval_examples": 300.0
  },
  "layered_fused_v3": {
    "pesq": 1.7124182653427125,
    "estoi": 0.635912127588984,
    "sdr": 1.7985871536540798,
    "phase_rmse": 1.7835677222410837,
    "eval_examples": 300.0
  },
  "delta_layered_only_minus_baseline": {
    "pesq": 0.026796518564224048,
    "estoi": 0.009725572107581848,
    "sdr": 0.28136607438403494,
    "phase_rmse": -0.002236525615056273
  },
  "delta_layered_fused_minus_baseline": {
    "pesq": 0.11606388727823891,
    "estoi": -0.005785045327818539,
    "sdr": 1.483116000770436,
    "phase_rmse": -0.00011169751485184953
  },
  "delta_layered_fused_minus_layered_only": {
    "pesq": 0.08926736871401486,
    "estoi": -0.015510617435400387,
    "sdr": 1.2017499263864009,
    "phase_rmse": 0.0021248281002044234
  }
}