{
  "baseline": {
    "pesq": 1.5940613043308258,
    "estoi": 0.6354257396902021,
    "sdr": 0.2963852255605161,
    "phase_rmse": 1.7844297039508819,
    "eval_examples": 300.0
  },
  "layered_only": {
    "pesq": 1.6168619525432586,
    "estoi": 0.6557722928033092,
    "sdr": 0.5709851945585493,
    "phase_rmse": 1.7813706409931183,
    "eval_examples": 300.0
  },
  "layered_fused_v3": {
    "pesq": 1.7307719453175863,
    "estoi": 0.6310442903784407,
    "sdr": 1.7341841757729222,
    "phase_rmse": 1.7842493963241577,
    "eval_examples": 300.0
  },
  "delta_layered_only_minus_baseline": {
    "pesq": 0.022800648212432773,
    "estoi": 0.02034655311310707,
    "sdr": 0.27459996899803324,
    "phase_rmse": -0.003059062957763592
  },
  "delta_layered_fused_minus_baseline": {
    "pesq": 0.13671064098676045,
    "estoi": -0.004381449311761432,
    "sdr": 1.437798950212406,
    "phase_rmse": -0.00018030762672416323
  },
  "delta_layered_fused_minus_layered_only": {
    "pesq": 0.11390999277432767,
    "estoi": -0.0247280024248685,
    "sdr": 1.1631989812143728,
    "phase_rmse": 0.0028787553310394287
  }
}