{
  "spec": {
    "seeds": [
      42,
      43,
      44,
      45,
      46,
      47
    ],
    "rounds": 6,
    "train_steps": 200,
    "eval_examples": 300,
    "target": "strict V35 vs V3 matched-budget contrast"
  },
  "rows": [
    {
      "seed": 42,
      "v35_delta_vs_layered": {
        "pesq": 0.15445046981175747,
        "estoi": 0.22250152269624332,
        "sdr": -0.7852827434738474
      },
      "v3_delta_vs_layered": {
        "pesq": 0.1260552231470744,
        "estoi": -0.013964914034488629,
        "sdr": 1.2006257787991976
      },
      "v35_abs": {
        "pesq": 1.2151362303892772,
        "estoi": 0.4660182106867945,
        "sdr": -4.571051315714915
      },
      "v3_abs": {
        "pesq": 1.7486709249019623,
        "estoi": 0.6398994182722055,
        "sdr": 1.7300757208819657
      }
    },
    {
      "seed": 43,
      "v35_delta_vs_layered": {
        "pesq": 0.07952067097028093,
        "estoi": 0.12748662921664816,
        "sdr": 2.226459502688764
      },
      "v3_delta_vs_layered": {
        "pesq": 0.07700524489084892,
        "estoi": -0.016742795171309277,
        "sdr": 1.344770634159795
      },
      "v35_abs": {
        "pesq": 1.1431635455290476,
        "estoi": 0.3729118288613433,
        "sdr": -1.5362873623652074
      },
      "v3_abs": {
        "pesq": 1.693584350347519,
        "estoi": 0.6376888744262531,
        "sdr": 1.8663361809429868
      }
    },
    {
      "seed": 44,
      "v35_delta_vs_layered": {
        "pesq": 0.0960447216033935,
        "estoi": 0.1501727268572321,
        "sdr": 1.6440991399091827
      },
      "v3_delta_vs_layered": {
        "pesq": 0.08926736871401486,
        "estoi": -0.015510617435400387,
        "sdr": 1.2017499263864009
      },
      "v35_abs": {
        "pesq": 1.1544949599107106,
        "estoi": 0.3952985883466716,
        "sdr": -2.2584911696709846
      },
      "v3_abs": {
        "pesq": 1.7124182653427125,
        "estoi": 0.635912127588984,
        "sdr": 1.7985871536540798
      }
    },
    {
      "seed": 45,
      "v35_delta_vs_layered": {
        "pesq": 0.14369951923688262,
        "estoi": 0.22348843010900332,
        "sdr": -1.0463272102177141
      },
      "v3_delta_vs_layered": {
        "pesq": 0.12561676541964206,
        "estoi": -0.013820812295968654,
        "sdr": 1.3832028049005507
      },
      "v35_abs": {
        "pesq": 1.2076012293497722,
        "estoi": 0.4771502835478578,
        "sdr": -4.953328823049863
      },
      "v3_abs": {
        "pesq": 1.745086470444997,
        "estoi": 0.6346233495928305,
        "sdr": 1.8628703633090482
      }
    },
    {
      "seed": 46,
      "v35_delta_vs_layered": {
        "pesq": 0.15434233665466301,
        "estoi": 0.22344254976686745,
        "sdr": -1.0617200256014865
      },
      "v3_delta_vs_layered": {
        "pesq": 0.11390999277432767,
        "estoi": -0.0247280024248685,
        "sdr": 1.1631989812143728
      },
      "v35_abs": {
        "pesq": 1.2148911039034525,
        "estoi": 0.4756217009136315,
        "sdr": -4.874102152697742
      },
      "v3_abs": {
        "pesq": 1.7307719453175863,
        "estoi": 0.6310442903784407,
        "sdr": 1.7341841757729222
      }
    },
    {
      "seed": 47,
      "v35_delta_vs_layered": {
        "pesq": 0.16030233263969418,
        "estoi": 0.2433148233969505,
        "sdr": 0.019805770476038376
      },
      "v3_delta_vs_layered": {
        "pesq": 0.09537433067957579,
        "estoi": -0.026371838398038028,
        "sdr": 1.3167869404923596
      },
      "v35_abs": {
        "pesq": 1.2207017171382903,
        "estoi": 0.49103069540845873,
        "sdr": -3.7524058189398297
      },
      "v3_abs": {
        "pesq": 1.7169645746548972,
        "estoi": 0.6281611832722448,
        "sdr": 1.7793621648864548
      }
    }
  ],
  "aggregate": {
    "v35_delta_vs_layered": {
      "pesq": {
        "mean": 0.1313933418194453,
        "std": 0.0315852238667593,
        "min": 0.07952067097028093,
        "max": 0.16030233263969418
      },
      "estoi": {
        "mean": 0.19840111367382415,
        "std": 0.043222986562745806,
        "min": 0.12748662921664816,
        "max": 0.2433148233969505
      },
      "sdr": {
        "mean": 0.1661724056301562,
        "std": 1.31235256873251,
        "min": -1.0617200256014865,
        "max": 2.226459502688764
      }
    },
    "v3_delta_vs_layered": {
      "pesq": {
        "mean": 0.10453815427091395,
        "std": 0.018575777736897146,
        "min": 0.07700524489084892,
        "max": 0.1260552231470744
      },
      "estoi": {
        "mean": -0.01852316329334558,
        "std": 0.005086528186489036,
        "min": -0.026371838398038028,
        "max": -0.013820812295968654
      },
      "sdr": {
        "mean": 1.2683891776587795,
        "std": 0.0831226852390321,
        "min": 1.1631989812143728,
        "max": 1.3832028049005507
      }
    },
    "v35_minus_v3_delta": {
      "pesq": {
        "mean": 0.026855187548531334,
        "std": 0.021247545661799202,
        "min": 0.002515426079432004,
        "max": 0.06492800196011839
      },
      "estoi": {
        "mean": 0.21692427696716973,
        "std": 0.04558474994469649,
        "min": 0.14422942438795744,
        "max": 0.26968666179498857
      },
      "sdr": {
        "mean": -1.1022167720286231,
        "std": 1.3014498778804078,
        "min": -2.4295300151182646,
        "max": 0.8816888685289692
      }
    }
  }
}