{
  "rows": [
    {
      "report": "f:\\ksl\\addse\\experiments\\phaseadapter_v35_probe\\reports\\probe_report_stage2_crossattn_seed42.json",
      "seed": 42,
      "mode": "cross_attn",
      "delta_pesq": 0.01118827462196359,
      "delta_estoi": 0.008761300963454954,
      "delta_sdr": 0.7538194507360458,
      "train_last_loss": 8.033514022827148,
      "eval_examples": 20.0
    },
    {
      "report": "f:\\ksl\\addse\\experiments\\phaseadapter_v35_probe\\reports\\probe_report_stage2_crossattn_seed43.json",
      "seed": 43,
      "mode": "cross_attn",
      "delta_pesq": 0.02314071655273442,
      "delta_estoi": 0.0264532916210031,
      "delta_sdr": 1.245322022587061,
      "train_last_loss": 8.333992004394531,
      "eval_examples": 20.0
    },
    {
      "report": "f:\\ksl\\addse\\experiments\\phaseadapter_v35_probe\\reports\\probe_report_stage2_crossattn_seed44.json",
      "seed": 44,
      "mode": "cross_attn",
      "delta_pesq": 0.004442715644836559,
      "delta_estoi": 0.021108596607711028,
      "delta_sdr": 0.7689393348991871,
      "train_last_loss": 8.206031799316406,
      "eval_examples": 20.0
    },
    {
      "report": "f:\\ksl\\addse\\experiments\\phaseadapter_v35_probe\\reports\\probe_report_stage2_adaln_fix_seed42.json",
      "seed": 42,
      "mode": "adaln",
      "delta_pesq": -0.0016997456550598145,
      "delta_estoi": 0.005443683307749192,
      "delta_sdr": -0.11820264160633087,
      "train_last_loss": 8.894806861877441,
      "eval_examples": 20.0
    }
  ],
  "cross_attn_summary": {
    "mode": "cross_attn",
    "runs": 3,
    "mean_delta_pesq": 0.01292390227317819,
    "mean_delta_estoi": 0.018774396397389693,
    "mean_delta_sdr": 0.9226936027407646,
    "std_delta_pesq": 0.007731455748895022,
    "std_delta_estoi": 0.007408913610109147,
    "std_delta_sdr": 0.2282162361937544
  }
}