{
  "meta": {
    "device": "cuda",
    "snr_range": [
      0.0,
      10.0
    ],
    "segment_length": 4.0,
    "fusion_scale_layered": 0.16,
    "dilation_rates": [
      1,
      2,
      4
    ],
    "note": "logits are generated by lm.solve before fusion; fusion modifies y_q_sum (float latent) pre-decoder."
  },
  "tensors": {
    "noisy": {
      "shape": [
        1,
        1,
        64000
      ],
      "dtype": "torch.float32",
      "min": -11.99877643585205,
      "max": 10.53029727935791,
      "mean": -0.0015312157338485122
    },
    "clean": {
      "shape": [
        1,
        1,
        64000
      ],
      "dtype": "torch.float32",
      "min": -9.731891632080078,
      "max": 10.011521339416504,
      "mean": 0.0002787974081002176
    },
    "x_tok_discrete": {
      "shape": [
        1,
        4,
        200
      ],
      "dtype": "torch.float32",
      "min": 0.0,
      "max": 1023.0,
      "mean": 505.35498046875
    },
    "x_q_quantized": {
      "shape": [
        1,
        1024,
        4,
        200
      ],
      "dtype": "torch.float32",
      "min": -4.9274420738220215,
      "max": 4.175354957580566,
      "mean": -0.002000756561756134
    },
    "z_noisy_continuous": {
      "shape": [
        1,
        1024,
        200
      ],
      "dtype": "torch.float32",
      "min": -4.424342155456543,
      "max": 4.490624904632568,
      "mean": -0.009572301059961319
    },
    "y_tok_discrete": {
      "shape": [
        1,
        4,
        200
      ],
      "dtype": "torch.float32",
      "min": 1.0,
      "max": 1023.0,
      "mean": 510.396240234375
    },
    "y_q_books": {
      "shape": [
        1,
        1024,
        4,
        200
      ],
      "dtype": "torch.float32",
      "min": -4.755211353302002,
      "max": 5.577364444732666,
      "mean": 0.003011156804859638
    },
    "y_q_sum": {
      "shape": [
        1,
        1024,
        200
      ],
      "dtype": "torch.float32",
      "min": -10.459755897521973,
      "max": 8.816774368286133,
      "mean": 0.012044625356793404
    },
    "noisy_phase": {
      "shape": [
        1,
        257,
        251
      ],
      "dtype": "torch.float32",
      "min": -3.141582489013672,
      "max": 3.1415927410125732,
      "mean": 0.014075322076678276
    },
    "delta_phase_from_cnn": {
      "shape": [
        1,
        257,
        251
      ],
      "dtype": "torch.float32",
      "min": -2.029632568359375,
      "max": 2.151942014694214,
      "mean": -0.006000115070492029
    },
    "phase_feat_cos_sin": {
      "shape": [
        1,
        514,
        251
      ],
      "dtype": "torch.float32",
      "min": -1.0,
      "max": 1.0,
      "mean": -0.0009293342009186745
    },
    "latent_corr_from_adapter": {
      "shape": [
        1,
        1024,
        200
      ],
      "dtype": "torch.float32",
      "min": -8.228875160217285,
      "max": 8.813554763793945,
      "mean": 0.017669830471277237
    },
    "y_q_fused": {
      "shape": [
        1,
        1024,
        200
      ],
      "dtype": "torch.float32",
      "min": -10.757305145263672,
      "max": 9.52389907836914,
      "mean": 0.014871797524392605
    },
    "y_base_wave": {
      "shape": [
        1,
        1,
        64000
      ],
      "dtype": "torch.float32",
      "min": -10.389642715454102,
      "max": 12.337564468383789,
      "mean": 0.00014604092575609684
    },
    "y_fused_wave": {
      "shape": [
        1,
        1,
        64000
      ],
      "dtype": "torch.float32",
      "min": -7.550832748413086,
      "max": 7.27292013168335,
      "mean": 0.0005759083433076739
    }
  },
  "dims_check": {
    "num_codebooks_from_tokens": 4,
    "stft_bins": 257,
    "phase_feat_channels": 514,
    "decoder_in_channels": 1024,
    "is_phase_feat_channel_eq_2x_bins": true,
    "is_latent_corr_channel_eq_decoder_in": true
  },
  "trainable_params": {
    "lm_trainable": 0,
    "phase_cnn_trainable": 0,
    "adapter_trainable": 0
  }
}