{
  "baseline": {
    "pesq": 1.6372551395893098,
    "estoi": 0.664732894671229,
    "sdr": 0.9566455058511929,
    "phase_rmse": 1.7796240277290345,
    "eval_examples": 500.0
  },
  "layered_only": {
    "pesq": 1.6451093535423278,
    "estoi": 0.6717921931558626,
    "sdr": 1.157391923852847,
    "phase_rmse": 1.7781888961791992,
    "eval_examples": 500.0
  },
  "layered_fused_v3": {
    "pesq": 1.7285237476825714,
    "estoi": 0.647148709709575,
    "sdr": 2.1842083867406474,
    "phase_rmse": 1.7808434870243073,
    "eval_examples": 500.0
  },
  "delta_layered_only_minus_baseline": {
    "pesq": 0.007854213953017997,
    "estoi": 0.007059298484633603,
    "sdr": 0.20074641800165405,
    "phase_rmse": -0.0014351315498353223
  },
  "delta_layered_fused_minus_baseline": {
    "pesq": 0.09126860809326165,
    "estoi": -0.017584184961653926,
    "sdr": 1.2275628808894545,
    "phase_rmse": 0.0012194592952727845
  },
  "delta_layered_fused_minus_layered_only": {
    "pesq": 0.08341439414024365,
    "estoi": -0.02464348344628753,
    "sdr": 1.0268164628878005,
    "phase_rmse": 0.002654590845108107
  }
}