{
  "eval_examples": 100,
  "baseline": {
    "pesq": 1.6162878036499024,
    "estoi": 0.6572722005328839,
    "sdr": 0.9207709038324537,
    "phase_rmse": 1.7818668639659883
  },
  "scheme1_fused": {
    "pesq": 1.6170290660858155,
    "estoi": 0.6572859559008983,
    "sdr": 1.010782900149934,
    "phase_rmse": 1.7819372415542603
  },
  "delta_fused_minus_baseline": {
    "pesq": 0.0007412624359131037,
    "estoi": 1.3755368014400915e-05,
    "sdr": 0.09001199631748025,
    "phase_rmse": 7.037758827199703e-05
  }
}