{
  "eval_examples": 500,
  "baseline": {
    "pesq": 1.6370966038703918,
    "estoi": 0.6626383665459887,
    "sdr": 0.9506098660259158,
    "phase_rmse": 1.7793726754188537
  },
  "scheme1_fused": {
    "pesq": 1.722930289030075,
    "estoi": 0.6371769225237364,
    "sdr": 2.020745031670667,
    "phase_rmse": 1.7814531836509704
  },
  "delta_fused_minus_baseline": {
    "pesq": 0.08583368515968326,
    "estoi": -0.025461444022252366,
    "sdr": 1.0701351656447513,
    "phase_rmse": 0.0020805082321166957
  }
}