{
  "baseline": {
    "pesq": 1.6274264917373658,
    "estoi": 0.66267419273002,
    "sdr": 1.0283950570216984,
    "phase_rmse": 1.7796721277236938,
    "eval_examples": 500.0
  },
  "original_v2": {
    "pesq": 1.7101599361896516,
    "estoi": 0.6379473676892609,
    "sdr": 2.0129702722467484,
    "phase_rmse": 1.7813003361225128,
    "eval_examples": 500.0
  },
  "balanced_v3": {
    "pesq": 1.7548935396671295,
    "estoi": 0.6522371483707898,
    "sdr": 2.21252571365796,
    "phase_rmse": 1.780016440629959,
    "eval_examples": 500.0
  },
  "delta_original_minus_baseline": {
    "pesq": 0.08273344445228581,
    "estoi": -0.02472682504075918,
    "sdr": 0.98457521522505,
    "phase_rmse": 0.0016282083988190532
  },
  "delta_balanced_minus_baseline": {
    "pesq": 0.1274670479297637,
    "estoi": -0.010437044359230208,
    "sdr": 1.1841306566362617,
    "phase_rmse": 0.0003443129062652428
  },
  "delta_balanced_minus_original": {
    "pesq": 0.0447336034774779,
    "estoi": 0.014289780681528974,
    "sdr": 0.19955544141121173,
    "phase_rmse": -0.0012838954925538104
  }
}