{
  "config": {
    "seed": 42,
    "fs": 16000,
    "segment_length": 4.0,
    "speech_dir": "data/chunks/bigspeech/",
    "noise_dir": "data/chunks/bignoise/",
    "snr_min": 0.0,
    "snr_max": 10.0,
    "train_steps": 200,
    "train_batch_size": 4,
    "eval_examples": 60,
    "pesq_max_examples": 20,
    "quick_eval_every_steps": 20,
    "num_workers": 0,
    "lr": 0.0001,
    "phase_delta_clip": 1.2,
    "frame_length": 512,
    "hop_length": 256,
    "n_fft": 512,
    "baseline_hidden": 128,
    "residual_hidden": 96,
    "hard_threshold": 0.52,
    "route_temperature": 0.16,
    "gate_entropy_weight": 0.003,
    "uncertainty_balance_weight": 0.02,
    "uncertainty_target": 0.5,
    "report_json": "experiments/archive/v4/reports/phase_residual_only_probe_report_lock3_200x4_eval60.json",
    "weights_dir": "experiments/archive/v4/weights/phase_residual_lock3"
  },
  "results": {
    "baseline_extractor": {
      "name": "baseline_extractor",
      "params": 151297,
      "train_steps": 200,
      "last_train_loss": 0.09464502334594727,
      "eval": {
        "pesq": 1.1698922514915466,
        "estoi": 0.5123983656315949,
        "sdr": 4.764471361898662,
        "phase_rmse": 1.5073331952095033,
        "alignment_cos": 0.28709047635396323,
        "uncertainty_mean": 0.0,
        "uncertainty_error_corr": 0.0,
        "high_uncertainty_ratio": 0.0,
        "eval_examples": 60.0,
        "pesq_examples": 20.0
      }
    },
    "phase_residual_current": {
      "name": "phase_residual_current",
      "params": 114819,
      "train_steps": 200,
      "last_train_loss": 0.09671524167060852,
      "eval": {
        "pesq": 1.170086044073105,
        "estoi": 0.5123857001943171,
        "sdr": 4.767419715334351,
        "phase_rmse": 1.5073704222838085,
        "alignment_cos": 0.28708620419104897,
        "uncertainty_mean": 0.5002715677022934,
        "uncertainty_error_corr": -0.08209737697616219,
        "high_uncertainty_ratio": 0.48530676116545995,
        "eval_examples": 60.0,
        "pesq_examples": 20.0
      }
    },
    "phase_residual_bandaware_innov": {
      "name": "phase_residual_bandaware_innov",
      "params": 119671,
      "train_steps": 200,
      "last_train_loss": 0.09672166407108307,
      "eval": {
        "pesq": 1.1700909197330476,
        "estoi": 0.5123849281347921,
        "sdr": 4.767348456875577,
        "phase_rmse": 1.5072651704152424,
        "alignment_cos": 0.2870861902832985,
        "uncertainty_mean": 0.49982591370741525,
        "uncertainty_error_corr": 0.024014092391977708,
        "high_uncertainty_ratio": 0.48291399677594504,
        "eval_examples": 60.0,
        "pesq_examples": 20.0
      }
    }
  },
  "delta_vs_baseline": {
    "phase_residual_current": {
      "pesq": 0.00019379258155827195,
      "estoi": -1.2665437277847857e-05,
      "sdr": 0.0029483534356895547,
      "phase_rmse": 3.722707430520167e-05,
      "alignment_cos": -4.272162914265021e-06,
      "params_ratio": 0.7588980614288453
    },
    "phase_residual_bandaware_innov": {
      "pesq": 0.0001986682415009433,
      "estoi": -1.3437496802826132e-05,
      "sdr": 0.002877094976915018,
      "phase_rmse": -6.802479426082364e-05,
      "alignment_cos": -4.286070664716313e-06,
      "params_ratio": 0.7909674349127874
    }
  },
  "ranking_by_performance": [
    "phase_residual_current",
    "phase_residual_bandaware_innov",
    "baseline_extractor"
  ]
}