{
  "results": {
    "baseline": {
      "pesq": 1.4987585425376893,
      "estoi": 0.5934051227758472,
      "sdr": 1.6569410394877195,
      "phase_rmse": 1.7860629518826803,
      "eval_examples": 60.0,
      "pesq_examples": 20.0,
      "trainable_params": 5774848,
      "total_params": 5774848,
      "trainable_ratio": 1.0,
      "total_params_vs_baseline_ratio": 1.0,
      "trainable_params_vs_baseline_ratio": 1.0
    }
  },
  "train_diagnostics": {
    "baseline": {
      "trainable_params": 5774848,
      "total_params": 5774848,
      "trainable_ratio": 1.0,
      "fusion_train_base_adapter": true,
      "fusion_base_lr_scale": 0.2,
      "diagnostic_snapshots": [
        {
          "phase_feat": {
            "mean": -0.0004420881741680205,
            "std": 0.7071093916893005,
            "abs_mean": 0.6355558037757874,
            "abs_max": 1.0,
            "nan_ratio": 0.0,
            "inf_ratio": 0.0
          },
          "delta": {
            "mean": 0.0033099425490945578,
            "std": 0.0160555150359869,
            "abs_mean": 0.012972594238817692,
            "abs_max": 0.0873195230960846,
            "nan_ratio": 0.0,
            "inf_ratio": 0.0
          },
          "y_q_sum": {
            "mean": 0.0017909788293763995,
            "std": 1.6186176538467407,
            "abs_mean": 1.2582955360412598,
            "abs_max": 10.270849227905273,
            "nan_ratio": 0.0,
            "inf_ratio": 0.0
          },
          "latent_corr": {
            "mean": 0.0090394401922822,
            "std": 3.30615234375,
            "abs_mean": 2.625471830368042,
            "abs_max": 15.688104629516602,
            "nan_ratio": 0.0,
            "inf_ratio": 0.0
          },
          "y_q_fused": {
            "mean": 0.0032372879795730114,
            "std": 1.755219578742981,
            "abs_mean": 1.370017409324646,
            "abs_max": 10.929508209228516,
            "nan_ratio": 0.0,
            "inf_ratio": 0.0
          },
          "fusion_ratio_l2": 0.3268134782376112,
          "corr_vs_base_cos": 0.10572735965251923,
          "y_fused": {
            "mean": -0.0003917514404747635,
            "std": 0.6018088459968567,
            "abs_mean": 0.28444257378578186,
            "abs_max": 4.39656400680542,
            "nan_ratio": 0.0,
            "inf_ratio": 0.0
          },
          "y_base": {
            "mean": -0.0003999897453468293,
            "std": 0.9751496911048889,
            "abs_mean": 0.4877006411552429,
            "abs_max": 7.757582664489746,
            "nan_ratio": 0.0,
            "inf_ratio": 0.0
          },
          "y_delta_abs_mean": 0.25696471333503723,
          "y_delta_abs_max": 5.217960834503174,
          "phase_model": "phase_residual_v2",
          "uncertainty": {
            "mean": 0.5000171661376953,
            "std": 0.4955652952194214,
            "abs_mean": 0.5000171661376953,
            "abs_max": 1.0,
            "nan_ratio": 0.0,
            "inf_ratio": 0.0
          },
          "step": 100,
          "loss": 1.1292012929916382,
          "wave_l1": 0.35374921560287476,
          "phase_loss": 0.9654651284217834,
          "band_loss": 0.9723094701766968,
          "grad_l2": 0.06822420116034625,
          "grad_has_nan_or_inf": false
        },
        {
          "phase_feat": {
            "mean": 0.001583977835252881,
            "std": 0.7071077227592468,
            "abs_mean": 0.6355923414230347,
            "abs_max": 1.0,
            "nan_ratio": 0.0,
            "inf_ratio": 0.0
          },
          "delta": {
            "mean": 0.0030288882553577423,
            "std": 0.01555356103926897,
            "abs_mean": 0.01246900949627161,
            "abs_max": 0.09019995480775833,
            "nan_ratio": 0.0,
            "inf_ratio": 0.0
          },
          "y_q_sum": {
            "mean": 0.0017916893120855093,
            "std": 1.6051123142242432,
            "abs_mean": 1.2523695230484009,
            "abs_max": 10.314590454101562,
            "nan_ratio": 0.0,
            "inf_ratio": 0.0
          },
          "latent_corr": {
            "mean": 0.0030260656494647264,
            "std": 3.352785587310791,
            "abs_mean": 2.6819915771484375,
            "abs_max": 15.068652153015137,
            "nan_ratio": 0.0,
            "inf_ratio": 0.0
          },
          "y_q_fused": {
            "mean": 0.002275862731039524,
            "std": 1.7634193897247314,
            "abs_mean": 1.382659912109375,
            "abs_max": 10.908419609069824,
            "nan_ratio": 0.0,
            "inf_ratio": 0.0
          },
          "fusion_ratio_l2": 0.3342106072454911,
          "corr_vs_base_cos": 0.14255180954933167,
          "y_fused": {
            "mean": -0.0002790224680211395,
            "std": 0.6056026816368103,
            "abs_mean": 0.2846657335758209,
            "abs_max": 6.323059558868408,
            "nan_ratio": 0.0,
            "inf_ratio": 0.0
          },
          "y_base": {
            "mean": -0.00043462158646434546,
            "std": 0.9299081563949585,
            "abs_mean": 0.484652578830719,
            "abs_max": 10.224984169006348,
            "nan_ratio": 0.0,
            "inf_ratio": 0.0
          },
          "y_delta_abs_mean": 0.2675016522407532,
          "y_delta_abs_max": 5.048251152038574,
          "phase_model": "phase_residual_v2",
          "uncertainty": {
            "mean": 0.4992349445819855,
            "std": 0.49486243724823,
            "abs_mean": 0.4992349445819855,
            "abs_max": 1.0,
            "nan_ratio": 0.0,
            "inf_ratio": 0.0
          },
          "step": 200,
          "loss": 1.2065649032592773,
          "wave_l1": 0.4344298243522644,
          "phase_loss": 0.9615433216094971,
          "band_loss": 0.9679888486862183,
          "grad_l2": 0.08533235347977212,
          "grad_has_nan_or_inf": false
        },
        {
          "phase_feat": {
            "mean": 0.0009847208857536316,
            "std": 0.7071088552474976,
            "abs_mean": 0.6353961825370789,
            "abs_max": 1.0,
            "nan_ratio": 0.0,
            "inf_ratio": 0.0
          },
          "delta": {
            "mean": 0.0046063694171607494,
            "std": 0.016985300928354263,
            "abs_mean": 0.014043018221855164,
            "abs_max": 0.0769050270318985,
            "nan_ratio": 0.0,
            "inf_ratio": 0.0
          },
          "y_q_sum": {
            "mean": 0.002923909341916442,
            "std": 1.6315644979476929,
            "abs_mean": 1.2726088762283325,
            "abs_max": 11.146951675415039,
            "nan_ratio": 0.0,
            "inf_ratio": 0.0
          },
          "latent_corr": {
            "mean": 0.017574291676282883,
            "std": 3.6996779441833496,
            "abs_mean": 2.9597504138946533,
            "abs_max": 17.014745712280273,
            "nan_ratio": 0.0,
            "inf_ratio": 0.0
          },
          "y_q_fused": {
            "mean": 0.005735797807574272,
            "std": 1.8310551643371582,
            "abs_mean": 1.4384078979492188,
            "abs_max": 10.837784767150879,
            "nan_ratio": 0.0,
            "inf_ratio": 0.0
          },
          "fusion_ratio_l2": 0.3628138404322945,
          "corr_vs_base_cos": 0.1762106567621231,
          "y_fused": {
            "mean": -7.804408960510045e-05,
            "std": 0.5933241844177246,
            "abs_mean": 0.23932023346424103,
            "abs_max": 6.053439617156982,
            "nan_ratio": 0.0,
            "inf_ratio": 0.0
          },
          "y_base": {
            "mean": -0.00026136901578865945,
            "std": 0.935139000415802,
            "abs_mean": 0.4156399071216583,
            "abs_max": 8.656585693359375,
            "nan_ratio": 0.0,
            "inf_ratio": 0.0
          },
          "y_delta_abs_mean": 0.2117360383272171,
          "y_delta_abs_max": 3.471129894256592,