{
  "results": {
    "confidence_agree_lite_v2": {
      "pesq": 1.4829285442829132,
      "estoi": 0.5960956223770262,
      "sdr": 1.5533621004627396,
      "phase_rmse": 1.7867400725682576,
      "eval_examples": 60.0,
      "pesq_examples": 20.0,
      "trainable_params": 7147779,
      "total_params": 7147779,
      "trainable_ratio": 1.0,
      "total_params_vs_baseline_ratio": 1.2377432271810445,
      "trainable_params_vs_baseline_ratio": 1.2377432271810445
    }
  },
  "train_diagnostics": {
    "confidence_agree_lite_v2": {
      "trainable_params": 7147779,
      "total_params": 7147779,
      "trainable_ratio": 1.0,
      "fusion_train_base_adapter": true,
      "fusion_base_lr_scale": 0.2,
      "diagnostic_snapshots": [
        {
          "phase_feat": {
            "mean": -0.0004420881741680205,
            "std": 0.7071093916893005,
            "abs_mean": 0.6355558037757874,
            "abs_max": 1.0,
            "nan_ratio": 0.0,
            "inf_ratio": 0.0
          },
          "delta": {
            "mean": 0.0033099425490945578,
            "std": 0.0160555150359869,
            "abs_mean": 0.012972594238817692,
            "abs_max": 0.0873195230960846,
            "nan_ratio": 0.0,
            "inf_ratio": 0.0
          },
          "y_q_sum": {
            "mean": 0.0017909788293763995,
            "std": 1.6186176538467407,
            "abs_mean": 1.2582955360412598,
            "abs_max": 10.270849227905273,
            "nan_ratio": 0.0,
            "inf_ratio": 0.0
          },
          "latent_corr": {
            "mean": 0.023897046223282814,
            "std": 2.623692750930786,
            "abs_mean": 2.119713306427002,
            "abs_max": 10.868931770324707,
            "nan_ratio": 0.0,
            "inf_ratio": 0.0
          },
          "y_q_fused": {
            "mean": 0.005614509340375662,
            "std": 1.7285901308059692,
            "abs_mean": 1.3465527296066284,
            "abs_max": 10.88984203338623,
            "nan_ratio": 0.0,
            "inf_ratio": 0.0
          },
          "fusion_ratio_l2": 0.25936206754900426,
          "corr_vs_base_cos": 0.14119765162467957,
          "y_fused": {
            "mean": -0.00035843803198076785,
            "std": 0.5725800395011902,
            "abs_mean": 0.27113184332847595,
            "abs_max": 4.602336406707764,
            "nan_ratio": 0.0,
            "inf_ratio": 0.0
          },
          "y_base": {
            "mean": -0.0003999897453468293,
            "std": 0.9751496911048889,
            "abs_mean": 0.4877006411552429,
            "abs_max": 7.757582664489746,
            "nan_ratio": 0.0,
            "inf_ratio": 0.0
          },
          "y_delta_abs_mean": 0.24535508453845978,
          "y_delta_abs_max": 5.2209792137146,
          "phase_model": "phase_residual_v2",
          "uncertainty": {
            "mean": 0.5000171661376953,
            "std": 0.4955652952194214,
            "abs_mean": 0.5000171661376953,
            "abs_max": 1.0,
            "nan_ratio": 0.0,
            "inf_ratio": 0.0
          },
          "step": 100,
          "loss": 1.1408967971801758,
          "wave_l1": 0.36572882533073425,
          "phase_loss": 0.9651665091514587,
          "band_loss": 0.9719104766845703,
          "grad_l2": 0.08501912049737313,
          "grad_has_nan_or_inf": false
        },
        {
          "phase_feat": {
            "mean": 0.001583977835252881,
            "std": 0.7071077227592468,
            "abs_mean": 0.6355923414230347,
            "abs_max": 1.0,
            "nan_ratio": 0.0,
            "inf_ratio": 0.0
          },
          "delta": {
            "mean": 0.0030288882553577423,
            "std": 0.01555356103926897,
            "abs_mean": 0.01246900949627161,
            "abs_max": 0.09019995480775833,
            "nan_ratio": 0.0,
            "inf_ratio": 0.0
          },
          "y_q_sum": {
            "mean": 0.0017916893120855093,
            "std": 1.6051123142242432,
            "abs_mean": 1.2523695230484009,
            "abs_max": 10.314590454101562,
            "nan_ratio": 0.0,
            "inf_ratio": 0.0
          },
          "latent_corr": {
            "mean": 0.0211689043790102,
            "std": 2.3940770626068115,
            "abs_mean": 1.925944209098816,
            "abs_max": 10.589062690734863,
            "nan_ratio": 0.0,
            "inf_ratio": 0.0
          },
          "y_q_fused": {
            "mean": 0.005178718362003565,
            "std": 1.707016110420227,
            "abs_mean": 1.3340895175933838,
            "abs_max": 10.500452041625977,
            "nan_ratio": 0.0,
            "inf_ratio": 0.0
          },
          "fusion_ratio_l2": 0.23865438994344,
          "corr_vs_base_cos": 0.15515698492527008,
          "y_fused": {
            "mean": -0.00020248055807314813,
            "std": 0.6069666743278503,
            "abs_mean": 0.2923860251903534,
            "abs_max": 6.786879539489746,
            "nan_ratio": 0.0,
            "inf_ratio": 0.0
          },
          "y_base": {
            "mean": -0.00043462158646434546,
            "std": 0.9299081563949585,
            "abs_mean": 0.484652578830719,
            "abs_max": 10.224984169006348,
            "nan_ratio": 0.0,
            "inf_ratio": 0.0
          },
          "y_delta_abs_mean": 0.2409793734550476,
          "y_delta_abs_max": 4.601836204528809,
          "phase_model": "phase_residual_v2",
          "uncertainty": {
            "mean": 0.4992349445819855,
            "std": 0.49486243724823,
            "abs_mean": 0.4992349445819855,
            "abs_max": 1.0,
            "nan_ratio": 0.0,
            "inf_ratio": 0.0
          },
          "step": 200,
          "loss": 1.2080011367797852,
          "wave_l1": 0.4368095397949219,
          "phase_loss": 0.9604403972625732,
          "band_loss": 0.9667500257492065,
          "grad_l2": 0.07552389597045717,
          "grad_has_nan_or_inf": false
        },
        {
          "phase_feat": {
            "mean": 0.0009847208857536316,
            "std": 0.7071088552474976,
            "abs_mean": 0.6353961825370789,
            "abs_max": 1.0,
            "nan_ratio": 0.0,
            "inf_ratio": 0.0
          },
          "delta": {
            "mean": 0.0046063694171607494,
            "std": 0.016985300928354263,
            "abs_mean": 0.014043018221855164,
            "abs_max": 0.0769050270318985,
            "nan_ratio": 0.0,
            "inf_ratio": 0.0
          },
          "y_q_sum": {
            "mean": 0.002923909341916442,
            "std": 1.6315644979476929,
            "abs_mean": 1.2726088762283325,
            "abs_max": 11.146951675415039,
            "nan_ratio": 0.0,
            "inf_ratio": 0.0
          },
          "latent_corr": {
            "mean": 0.02089983969926834,
            "std": 3.017998695373535,
            "abs_mean": 2.43078351020813,
            "abs_max": 13.821666717529297,
            "nan_ratio": 0.0,
            "inf_ratio": 0.0
          },
          "y_q_fused": {
            "mean": 0.006267883814871311,
            "std": 1.7990134954452515,
            "abs_mean": 1.4091514348983765,
            "abs_max": 11.497210502624512,
            "nan_ratio": 0.0,
            "inf_ratio": 0.0
          },
          "fusion_ratio_l2": 0.2959678019328264,
          "corr_vs_base_cos": 0.2165924310684204,
          "y_fused": {
            "mean": -8.247883670264855e-05,
            "std": 0.5607665181159973,
            "abs_mean": 0.22911155223846436,
            "abs_max": 5.748417854309082,
            "nan_ratio": 0.0,
            "inf_ratio": 0.0
          },
          "y_base": {
            "mean": -0.00026136901578865945,
            "std": 0.935139000415802,
            "abs_mean": 0.4156399071216583,
            "abs_max": 8.656585693359375,
            "nan_ratio": 0.0,
            "inf_ratio": 0.0
          },
          "y_delta_abs_mean": 0.2157285213470459,