{
  "results": {
    "confidence_agree_lite_v2": {
      "pesq": 1.5795536637306213,
      "estoi": 0.5831991115915462,
      "sdr": 1.5202611032873392,
      "phase_rmse": 1.79043847322464,
      "eval_examples": 10.0,
      "pesq_examples": 4.0,
      "trainable_params": 1372931,
      "total_params": 7147779,
      "trainable_ratio": 0.19207798674245524
    }
  },
  "train_diagnostics": {
    "confidence_agree_lite_v2": {
      "trainable_params": 1372931,
      "total_params": 7147779,
      "trainable_ratio": 0.19207798674245524,
      "diagnostic_snapshots": [
        {
          "phase_feat": {
            "mean": 0.00020366971148177981,
            "std": 0.7071095108985901,
            "abs_mean": 0.6354632377624512,
            "abs_max": 1.0,
            "nan_ratio": 0.0,
            "inf_ratio": 0.0
          },
          "delta": {
            "mean": 0.0033803859259933233,
            "std": 0.01590825244784355,
            "abs_mean": 0.01285695843398571,
            "abs_max": 0.09242607653141022,
            "nan_ratio": 0.0,
            "inf_ratio": 0.0
          },
          "y_q_sum": {
            "mean": 0.003950729966163635,
            "std": 1.600913405418396,
            "abs_mean": 1.2539702653884888,
            "abs_max": 10.841445922851562,
            "nan_ratio": 0.0,
            "inf_ratio": 0.0
          },
          "latent_corr": {
            "mean": 0.017468804493546486,
            "std": 1.8723236322402954,
            "abs_mean": 1.5194717645645142,
            "abs_max": 8.253829956054688,
            "nan_ratio": 0.0,
            "inf_ratio": 0.0
          },
          "y_q_fused": {
            "mean": 0.006745736580342054,
            "std": 1.6641266345977783,
            "abs_mean": 1.3059484958648682,
            "abs_max": 11.310510635375977,
            "nan_ratio": 0.0,
            "inf_ratio": 0.0
          },
          "fusion_ratio_l2": 0.1871331211243884,
          "corr_vs_base_cos": 0.12163262814283371,
          "y_fused": {
            "mean": 0.0004950239672325552,
            "std": 0.724784791469574,
            "abs_mean": 0.33799490332603455,
            "abs_max": 10.429791450500488,
            "nan_ratio": 0.0,
            "inf_ratio": 0.0
          },
          "y_base": {
            "mean": 0.0006696935161016881,
            "std": 1.0362639427185059,
            "abs_mean": 0.512239396572113,
            "abs_max": 13.180048942565918,
            "nan_ratio": 0.0,
            "inf_ratio": 0.0
          },
          "y_delta_abs_mean": 0.2232188731431961,
          "y_delta_abs_max": 4.908764839172363,
          "phase_model": "phase_residual_v2",
          "uncertainty": {
            "mean": 0.4997768700122833,
            "std": 0.49556368589401245,
            "abs_mean": 0.4997768700122833,
            "abs_max": 1.0,
            "nan_ratio": 0.0,
            "inf_ratio": 0.0
          },
          "step": 10,
          "loss": 1.1955902576446533,
          "wave_l1": 0.43281492590904236,
          "phase_loss": 0.9486417174339294,
          "band_loss": 0.9572238922119141,
          "grad_l2": 7.699668351375081e-05,
          "grad_has_nan_or_inf": false
        },
        {
          "phase_feat": {
            "mean": 0.00018380740948487073,
            "std": 0.7071095108985901,
            "abs_mean": 0.6357346177101135,
            "abs_max": 1.0,
            "nan_ratio": 0.0,
            "inf_ratio": 0.0
          },
          "delta": {
            "mean": 0.003147657262161374,
            "std": 0.01581253856420517,
            "abs_mean": 0.012738228775560856,
            "abs_max": 0.1008695587515831,
            "nan_ratio": 0.0,
            "inf_ratio": 0.0
          },
          "y_q_sum": {
            "mean": 0.00570467347279191,
            "std": 1.579615592956543,
            "abs_mean": 1.237382173538208,
            "abs_max": 10.500014305114746,
            "nan_ratio": 0.0,
            "inf_ratio": 0.0
          },
          "latent_corr": {
            "mean": 0.017778757959604263,
            "std": 1.9319026470184326,
            "abs_mean": 1.5513521432876587,
            "abs_max": 10.557634353637695,
            "nan_ratio": 0.0,
            "inf_ratio": 0.0
          },
          "y_q_fused": {
            "mean": 0.008549277670681477,
            "std": 1.6549166440963745,
            "abs_mean": 1.2991094589233398,
            "abs_max": 10.579580307006836,
            "nan_ratio": 0.0,
            "inf_ratio": 0.0
          },
          "fusion_ratio_l2": 0.19569032350055796,
          "corr_vs_base_cos": 0.15160086750984192,
          "y_fused": {
            "mean": -0.00014899493544362485,
            "std": 0.6749432682991028,
            "abs_mean": 0.31472206115722656,
            "abs_max": 7.068517208099365,
            "nan_ratio": 0.0,
            "inf_ratio": 0.0
          },
          "y_base": {
            "mean": -0.0003091025573667139,
            "std": 1.062192440032959,
            "abs_mean": 0.5213721990585327,
            "abs_max": 11.601593017578125,
            "nan_ratio": 0.0,
            "inf_ratio": 0.0
          },
          "y_delta_abs_mean": 0.25257521867752075,
          "y_delta_abs_max": 6.9006757736206055,
          "phase_model": "phase_residual_v2",
          "uncertainty": {
            "mean": 0.5000370740890503,
            "std": 0.4953308403491974,
            "abs_mean": 0.5000370740890503,
            "abs_max": 1.0,
            "nan_ratio": 0.0,
            "inf_ratio": 0.0
          },
          "step": 20,
          "loss": 1.20961332321167,
          "wave_l1": 0.42252859473228455,
          "phase_loss": 0.9819135069847107,
          "band_loss": 0.9853668212890625,
          "grad_l2": 4.0574835382544615e-05,
          "grad_has_nan_or_inf": false
        }
      ],
      "diagnostic_every_steps": 10
    }
  },
  "baseline_variant": "confidence_agree_lite_v2",
  "delta_vs_baseline": {},
  "ranking_by_performance": [
    "confidence_agree_lite_v2"
  ],
  "config": {
    "train_steps": 20,
    "train_batch_size": 1,
    "eval_examples": 10,
    "train_eval_examples": 10,
    "train_eval_every_steps": 10,
    "pesq_max_examples": 4,
    "lr": 0.0001,
    "lambda_phase": 0.35,
    "band_loss_weight": 0.45,
    "fusion_scale_layered": 0.16,
    "snr_min": 0.0,
    "snr_max": 10.0,
    "phase_model_variant": "phase_residual_v2",
    "variants": [
      "confidence_agree_lite_v2"
    ],
    "mode": "quick_compare",
    "quick_solve_steps": 4
  }
}