{
  "results": {
    "baseline": {
      "pesq": 1.394743800163269,
      "estoi": 0.6101603848461415,
      "sdr": 1.07552466293176,
      "phase_rmse": 1.7851758400599163,
      "eval_examples": 3.0,
      "pesq_examples": 2.0,
      "params": 5774848
    },
    "confidence_soft_lite": {
      "pesq": 1.5064364075660706,
      "estoi": 0.6214052926055319,
      "sdr": 1.9387056678533554,
      "phase_rmse": 1.7860133250554402,
      "eval_examples": 3.0,
      "pesq_examples": 2.0,
      "params": 1230594
    },
    "confidence_hard_lite": {
      "pesq": 1.4695769548416138,
      "estoi": 0.6235051925154956,
      "sdr": 1.5248079722126324,
      "phase_rmse": 1.782509446144104,
      "eval_examples": 3.0,
      "pesq_examples": 2.0,
      "params": 1230594
    }
  },
  "baseline_variant": "baseline",
  "delta_vs_baseline": {
    "confidence_soft_lite": {
      "pesq": 0.11169260740280151,
      "estoi": 0.011244907759390355,
      "sdr": 0.8631810049215953,
      "phase_rmse": 0.0008374849955239405,
      "params_ratio": 0.21309547887667346
    },
    "confidence_hard_lite": {
      "pesq": 0.07483315467834473,
      "estoi": 0.013344807669354086,
      "sdr": 0.44928330928087234,
      "phase_rmse": -0.0026663939158122485,
      "params_ratio": 0.21309547887667346
    }
  },
  "ranking_by_performance": [
    "confidence_soft_lite",
    "confidence_hard_lite",
    "baseline"
  ],
  "config": {
    "train_steps": 2,
    "train_batch_size": 2,
    "eval_examples": 3,
    "train_eval_examples": 20,
    "train_eval_every_steps": 0,
    "pesq_max_examples": 2,
    "lr": 0.00012,
    "lambda_phase": 0.35,
    "band_loss_weight": 0.45,
    "fusion_scale_layered": 0.16,
    "snr_min": 0.0,
    "snr_max": 10.0,
    "variants": [
      "baseline",
      "confidence_soft_lite",
      "confidence_hard_lite"
    ],
    "mode": "quick_compare",
    "quick_solve_steps": 4
  }
}