{
  "results": {
    "baseline": {
      "pesq": 1.5939784407615663,
      "estoi": 0.6404778495986302,
      "sdr": 2.2651805150788276,
      "phase_rmse": 1.780280849337578,
      "eval_examples": 200.0,
      "pesq_examples": 20.0,
      "params": 5774848
    },
    "renet_groupdelay_detail": {
      "pesq": 1.5029861271381377,
      "estoi": 0.6448181023392459,
      "sdr": 2.013249792897841,
      "phase_rmse": 1.7812876307964325,
      "eval_examples": 200.0,
      "pesq_examples": 20.0,
      "params": 868162
    }
  },
  "baseline_variant": "baseline",
  "delta_vs_baseline": {
    "renet_groupdelay_detail": {
      "pesq": -0.09099231362342852,
      "estoi": 0.004340252740615669,
      "sdr": -0.2519307221809868,
      "phase_rmse": 0.0010067814588545776,
      "params_ratio": 0.150335039121376
    }
  },
  "ranking_by_performance": [
    "baseline",
    "renet_groupdelay_detail"
  ],
  "config": {
    "train_steps": 500,
    "train_batch_size": 1,
    "train_eval_examples": 200,
    "train_eval_every_steps": 100,
    "eval_examples": 200,
    "pesq_max_examples": 20,
    "snr_min": 0.0,
    "snr_max": 10.0,
    "variants": [
      "baseline",
      "renet_groupdelay_detail"
    ]
  }
}