{
  "layered_fused_v3_only": {
    "pesq": 1.7134864592552186,
    "estoi": 0.6571096397724767,
    "sdr": 2.074366334732622,
    "phase_rmse": 1.7810589349269867,
    "eval_examples": 100.0
  },
  "config": {
    "train_steps": 500,
    "train_batch_size": 4,
    "eval_examples": 100,
    "lr": 0.00012,
    "lambda_phase": 0.35,
    "band_loss_weight": 0.45,
    "fusion_scale_layered": 0.16
  }
}